{
    "chris": {
        "timetable": [
            "",
            "",
            "",
            "",
            "",
            "",
            "MGSYS 101 Lec | PWC",
            "",
            "MATHS 165 Lec | ELT.G.01",
            "",
            "MGSYS 101 Lec | PWC",
            "MATHS 165 Tut | MS4.G.02",
            "MGSYS 101 Lec | PWC",
            "",
            "",
            "MGSYS 101 Lec | PWC",
            "",
            "",
            "",
            "MATHS 165 Lec | ELT.G.01",
            "ENGEN 101 Lec | ELT.G.01",
            "ENGEN 103 Lec | L.G.03",
            "",
            "ENGEN 103 Tut | TC.4.09",
            "",
            "ENGEN 103 Tut | TT.1.01",
            "",
            "",
            "",
            "",
            "",
            "ENGEN 103 Lab | R.G.06",
            "",
            "",
            "ENGEN 103 Lec | ELT.G.01",
            "",
            "",
            "",
            "",
            "",
            "ENGEN 103 Lab | R.G.06",
            "MATHS 165 Lec | ELT.G.01 ~ CSMAX 170 Lec | L.G.01",
            "",
            "",
            ""
        ]
    },
    "ethan": {
        "email": "shadows@gmail.com",
        "password": "$argon2id$v=19$m=102400,t=2,p=8$IG4TtvbwG/YpruzAxFu9Yw$Jm2v0w0IJvPHyl62K5ll6g",
        "timetable": [
            "1",
            "2",
            "3",
            "4",
            "5",
            "6",
            "7",
            "8",
            "9",
            "10",
            "11",
            "12",
            "13",
            "14",
            "15",
            "16",
            "17",
            "18",
            "19",
            "20",
            "21",
            "22",
            "23",
            "24",
            "25",
            "26",
            "27",
            "28",
            "29",
            "30",
            "31",
            "32",
            "33",
            "34",
            "35",
            "36",
            "37",
            "38",
            "39",
            "40",
            "41",
            "42",
            "43",
            "44",
            "45"
        ]
    },
    "lsi": {
        "email": "lsi8546@naver.com",
        "timetable": [
            "\ud30c\uc774\uc36c",
            "",
            "",
            "",
            "",
            "",
            "",
            "",
            "",
            "",
            "",
            "",
            "",
            "",
            "",
            "",
            "",
            "",
            "",
            "",
            "",
            "",
            "",
            "",
            "",
            "",
            "",
            "",
            "",
            "",
            "",
            "",
            "",
            "",
            "",
            "",
            "",
            "",
            "",
            "",
            "",
            "",
            "",
            "",
            ""
        ]
    },
    "test": {
        "email": "",
        "timetable": [
            "",
            "",
            "",
            "",
            "",
            "",
            "",
            "",
            "",
            "",
            "",
            "",
            "",
            "",
            "",
            "\ud30c\uc774\uc36c",
            "",
            "",
            "",
            "",
            "",
            "",
            "",
            "",
            "",
            "",
            "",
            "",
            "",
            "",
            "",
            "",
            "",
            "",
            "",
            "",
            "",
            "",
            "",
            "",
            "",
            "",
            "",
            "",
            ""
        ]
    },
    "3\ud559\ub144 1 \ud559\uae30": {
        "timetable": [
            "",
            "",
            "",
            "",
            "",
            "\ud30c\uc774\uc36c",
            "",
            "",
            "",
            "",
            "\ucef4\ud4e8\ud130\uad6c\uc870",
            "",
            "",
            "\uc6b4\uc601\uccb4\uc81c",
            "",
            "",
            "",
            "",
            "",
            "",
            "",
            "",
            "",
            "",
            "",
            "",
            "",
            "",
            "",
            "",
            "",
            "",
            "",
            "",
            "",
            "",
            "",
            "",
            "",
            "",
            "",
            "",
            "",
            "",
            ""
        ]
    },
    "parkpark": {
        "timetable": [
            "",
            "",
            "",
            "",
            "",
            "",
            "",
            "",
            "",
            "",
            "python",
            "",
            "",
            "",
            "",
            "",
            "",
            "",
            "",
            "",
            "",
            "",
            "",
            "",
            "",
            "",
            "",
            "",
            "",
            "",
            "",
            "",
            "",
            "",
            "",
            "",
            "",
            "",
            "",
            "",
            "",
            "",
            "",
            "",
            ""
        ]
    },
    "\uac15\ubcd1\uc778": {
        "timetable": [
            "",
            "",
            "",
            "",
            "",
            "",
            "",
            "",
            "",
            "",
            "",
            "\ud604\uc870",
            "",
            "",
            "",
            "",
            "",
            "",
            "\uc2a4\ud29c\ub514\uc624",
            "",
            "",
            "",
            "",
            "",
            "",
            "",
            "",
            "",
            "",
            "",
            "",
            "",
            "",
            "",
            "",
            "",
            "",
            "",
            "",
            "",
            "",
            "",
            "",
            "",
            ""
        ]
    }
}